year,total_field_ha,tencha_field_ha,cultivated_farmers,operating_farmers,total_aracha_tons,tencha_tons,autumn_tencha_tons,total_tencha_tons,total_aracha_yen_m,tencha_yen_m,autumn_tencha_yen_m,total_tencha_yen_m,sencha_field_ha,kabusecha_field_ha,gyokuro_field_ha,bancha_field_ha,sencha_tons,kabusecha_tons,gyokuro_tons,bancha_tons,sencha_yen_m,kabusecha_yen_m,gyokuro_yen_m,bancha_yen_m
2022,1525.4,528.5,682,682,2394.1,896.8,427.2,1324.0,6779.6,4254.4,315.9,4570.299999999999,444.8,206.7,224.7,,366.2,171.1,144.1,388.8,918.7,429.7,669.4,191.5
2023,1505.3,537.3,645,645,2427.2,944.9,538.1,1483.0,7169.1,4747.2,413.1,5160.3,422.4,206.9,225.1,,250.9,138.8,135.1,419.4,677.7,416.4,702.6,212.1
2021,1546.9,517.1,929,742,2291.9,780.1,452.4,1232.5,5921.1,3687.8,334.6,4022.4,480.2,209.2,228.9,,330.0,165.4,104.9,459.0,800.0,398.6,488.3,211.8
2009,1622.7,461.2,1,1,2584.6,730.5,0.0,730.5,7294.2,3269.7,0.0,3269.7,609.2,212.5,193.1,,791.9,344.9,159.1,558.2,1862.2,850.1,996.9,315.3
2008,1578.1,457.5,2,1,2939.9,702.7,0.0,702.7,7847.5,3391.7,0.0,3391.7,407.5,197.3,197.5,,884.4,325.6,142.0,885.1,2181.2,837.0,971.8,465.9
2020,1566.0,516.5,966,779,2212.6,694.9,386.8,1081.7,4675.5,2449.6,287.4,2737.0,499.0,211.8,230.5,,371.7,231.5,125.9,401.7,771.7,408.6,560.5,197.8
2018,1603.6,497.7,1,929,2912.9,1233.3,479.4,1712.6999999999998,7707.1,4721.5,349.3,5070.8,572.7,211.1,233.5,,399.3,207.8,128.5,464.6,1062.0,532.1,776.9,265.1
2024,1487.8,594.0,625,625,2492.4,1057.0,591.1,1648.1,8859.0,6291.9,496.4,6788.299999999999,348.1,206.4,228.6,,248.4,141.6,134.3,319.9,713.5,438.3,742.4,176.6
2019,1587.9,494.8,1,828,2772.9,921.7,548.9,1470.6,6390.4,3461.6,398.0,3859.6,549.5,207.7,225.9,,439.0,236.4,130.4,496.5,1042.6,535.2,685.3,267.7
2003,1499.3,393.6,2,1,2716.6,563.7,0.0,563.7,7709.2,3127.4,0.0,3127.4,432.9,207.0,149.5,,1014.0,351.6,100.3,687.0,2483.9,1006.5,737.2,354.3
2017,1604.1,474.6,1,944,2963.6,1180.0,473.4,1653.4,8685.9,5385.7,258.2,5643.9,599.9,208.0,231.8,,469.8,214.3,157.0,469.1,1302.5,583.4,914.7,241.4
2016,1608.4,456.9,1285,978,2982.0,1526.8,0.0,1526.8,8361.0,5139.7,0.0,5139.7,622.9,207.6,232.4,,543.6,237.9,163.4,510.1,1445.5,587.7,944.9,243.1
2014,1618.4,447.8,1,1,2711.4,1077.7,0.0,1077.7,6915.6,3646.4,0.0,3646.4,639.1,205.9,228.9,,575.6,316.2,170.4,571.4,1379.3,624.7,969.9,295.3
2015,1613.1,446.8,1,1,2958.6,1405.2,0.0,1405.2,8093.4,4836.2,0.0,4836.2,636.9,206.6,229.9,,591.1,285.0,166.8,510.5,1484.5,585.9,933.4,253.3
2011,1641.0,450.0,1,1,2528.9,752.6,0.0,752.6,7030.5,3487.5,0.0,3487.5,638.1,213.8,210.8,,732.8,311.5,145.9,586.1,1735.6,684.9,821.0,301.5
2005,,394.038,2,1,2911.62,617.954,0.0,617.954,7832.87,3310.32,0.0,3310.32,,,,,1026.11,348.9444,128.81,789.7757,2320.82,959.11,794.5684,447.9462
2004,1501.9,380.7,2,1,2844.2,540.5,0.0,540.5,7662.9,2860.4,0.0,2860.4,429.2,246.9,147.2,,1000.8,444.8,100.6,757.4,2409.7,1245.7,684.9,462.2
2010,1640.0,465.4,1,1,2620.7,721.1,0.0,721.1,6687.8,3028.9,0.0,3028.9,627.4,215.2,192.5,,751.7,362.5,154.8,630.6,1680.6,780.0,837.1,361.2
2006,1533.2,446.1394,2,1,2876.1,598.0,0.0,598.0,7336.0,2957.7,0.0,2957.7,410.4,188.4203,194.2206,,969.7,339.0,110.3,859.2,2288.0,937.5,690.2,462.5
2012,1626.2,465.8,1,1,3071.1,944.3,0.0,944.3,8124.8,4195.6,0.0,4195.6,645.0,211.1,204.8,,798.4,297.0,133.2,898.2,1846.2,700.6,848.7,533.7
2013,1624.2,455.9,1,1,2909.5,1163.6,0.0,1163.6,7071.2,3661.7,0.0,3661.7,621.7,208.2,230.8,,603.0,339.6,160.2,643.0,1324.5,763.6,990.8,330.5
2007,1557.7,454.5446,2,1,2840.7,628.8598,0.0,628.8598,7399.8,3105.4,0.0,3105.4,405.041,194.1188,196.7194,,930.0969,312.4339,138.711,830.9859,2228.9,825.1937,812.869,427.6462
